Workbook

Sheet Parâmetros
A1: ⚙ PARÂMETROS — PLANILHA DE DESEMPENHO UNESP
A2: Preencha os campos em azul. Todas as abas atualizam automaticamente.
A4: Nome do Aluno | B4: Giovanna Fernandes | C4: ← altere para personalizar
A5: Curso Desejado | B5: Humanas | C5: ← altere para personalizar
A7: METAS E PARÂMETROS
A8: Meta — Acertos 1ª Fase | B8: 70 | C8: Mín. de acertos para classificação (0–90)
A9: Meta — Nota Redação | B9: 24 | C9: Nota mínima desejada na redação (0–28)
A10: Meta — Média Final Alvo | B10: 50 | C10: Média final mínima para aprovação (0–100)
A12: ESTRUTURA DA PROVA UNESP (referência)
A13: 1ª Fase | B13: 90 questões objetivas
A14: Nota 1ª Fase | B14: Acertos × 100 ÷ 90 → escala 0–100
A15: 2ª Fase — C. Humanas | B15: 0 a 24 pontos
A16: 2ª Fase — C. Nat/Mat | B16: 0 a 24 pontos
A17: 2ª Fase — Linguagens | B17: 0 a 24 pontos
A18: 2ª Fase — Redação | B18: 0 a 28 pontos (eliminatório)
A19: Nota 2ª Fase | B19: Soma das 4 áreas → máx. 100 pontos
A20: Média Final | B20: (Nota 1ª Fase + Nota 2ª Fase) ÷ 2
A21: Peso 1ª / 2ª Fase | B21: 50% cada
A23: LEGENDA
A24: ✔ Dentro da Meta / Aprovado | B24: ✘ Abaixo da Meta / Reprovado

Sheet 1ª Fase
A1: UNESP — 1ª FASE | Objetiva
A2: =Parâmetros!$B$4&" | "&Parâmetros!$B$5 -> Giovanna Fernandes | Humanas
A3: Simulado | B3: Acertos | C3: Nota 1ª Fase | D3: Status
A4: UNESP 2025 | C4: =IF(B4="","",B4*100/90) | D4: =IF(B4="","",IF(B4>=Parâmetros!$B$8,"✔ Dentro da Meta","✘ Abaixo da Meta"))
A5: UNESP 2024 | C5: =IF(B5="","",B5*100/90) | D5: =IF(B5="","",IF(B5>=Parâmetros!$B$8,"✔ Dentro da Meta","✘ Abaixo da Meta"))
A6: UNESP 2023 | C6: =IF(B6="","",B6*100/90) | D6: =IF(B6="","",IF(B6>=Parâmetros!$B$8,"✔ Dentro da Meta","✘ Abaixo da Meta"))
A7: UNESP 2022 | C7: =IF(B7="","",B7*100/90) | D7: =IF(B7="","",IF(B7>=Parâmetros!$B$8,"✔ Dentro da Meta","✘ Abaixo da Meta"))
A8: UNESP 2021 | C8: =IF(B8="","",B8*100/90) | D8: =IF(B8="","",IF(B8>=Parâmetros!$B$8,"✔ Dentro da Meta","✘ Abaixo da Meta"))
A9: UNESP 2020 | C9: =IF(B9="","",B9*100/90) | D9: =IF(B9="","",IF(B9>=Parâmetros!$B$8,"✔ Dentro da Meta","✘ Abaixo da Meta"))
A10: UNESP 2019 | C10: =IF(B10="","",B10*100/90) | D10: =IF(B10="","",IF(B10>=Parâmetros!$B$8,"✔ Dentro da Meta","✘ Abaixo da Meta"))
A11: UNESP 2018 | C11: =IF(B11="","",B11*100/90) | D11: =IF(B11="","",IF(B11>=Parâmetros!$B$8,"✔ Dentro da Meta","✘ Abaixo da Meta"))
A12: UNESP 2017 | C12: =IF(B12="","",B12*100/90) | D12: =IF(B12="","",IF(B12>=Parâmetros!$B$8,"✔ Dentro da Meta","✘ Abaixo da Meta"))
A13: UNESP 2016 | C13: =IF(B13="","",B13*100/90) | D13: =IF(B13="","",IF(B13>=Parâmetros!$B$8,"✔ Dentro da Meta","✘ Abaixo da Meta"))
A14: UNESP 2015 | C14: =IF(B14="","",B14*100/90) | D14: =IF(B14="","",IF(B14>=Parâmetros!$B$8,"✔ Dentro da Meta","✘ Abaixo da Meta"))
A15: UNESP 2014 | C15: =IF(B15="","",B15*100/90) | D15: =IF(B15="","",IF(B15>=Parâmetros!$B$8,"✔ Dentro da Meta","✘ Abaixo da Meta"))
... A19: UNESP 2010 | C19: =IF(B19="","",B19*100/90) | D19: =IF(B19="","",IF(B19>=Parâmetros!$B$8,"✔ Dentro da Meta","✘ Abaixo da Meta"))

Sheet 2ª Fase
A1: UNESP — 2ª FASE | Dissertativa
A2: =Parâmetros!$B$4&" | "&Parâmetros!$B$5 -> Giovanna Fernandes | Humanas
A3: Simulado | B3: C. Humanas | C3: C. Nat. e Mat. | D3: Linguagens | E3: Redação | F3: Nota 2ª Fase
B4: 0 – 24 | C4: 0 – 24 | D4: 0 – 24 | E4: 0 – 28
A5: UNESP 2025 | F5: =IF(AND(B5="",C5="",D5="",E5=""),"",IF(B5="",0,B5)+IF(C5="",0,C5)+IF(D5="",0,D5)+IF(E5="",0,E5))
A6: UNESP 2024 | F6: =IF(AND(B6="",C6="",D6="",E6=""),"",IF(B6="",0,B6)+IF(C6="",0,C6)+IF(D6="",0,D6)+IF(E6="",0,E6))
A7: UNESP 2023 | F7: =IF(AND(B7="",C7="",D7="",E7=""),"",IF(B7="",0,B7)+IF(C7="",0,C7)+IF(D7="",0,D7)+IF(E7="",0,E7))
A8: UNESP 2022 | F8: =IF(AND(B8="",C8="",D8="",E8=""),"",IF(B8="",0,B8)+IF(C8="",0,C8)+IF(D8="",0,D8)+IF(E8="",0,E8))
A9: UNESP 2021 | F9: =IF(AND(B9="",C9="",D9="",E9=""),"",IF(B9="",0,B9)+IF(C9="",0,C9)+IF(D9="",0,D9)+IF(E9="",0,E9))
A10: UNESP 2020 | F10: =IF(AND(B10="",C10="",D10="",E10=""),"",IF(B10="",0,B10)+IF(C10="",0,C10)+IF(D10="",0,D10)+IF(E10="",0,E10))
A11: UNESP 2019 | F11: =IF(AND(B11="",C11="",D11="",E11=""),"",IF(B11="",0,B11)+IF(C11="",0,C11)+IF(D11="",0,D11)+IF(E11="",0,E11))
A12: UNESP 2018 | F12: =IF(AND(B12="",C12="",D12="",E12=""),"",IF(B12="",0,B12)+IF(C12="",0,C12)+IF(D12="",0,D12)+IF(E12="",0,E12))
A13: UNESP 2017 | F13: =IF(AND(B13="",C13="",D13="",E13=""),"",IF(B13="",0,B13)+IF(C13="",0,C13)+IF(D13="",0,D13)+IF(E13="",0,E13))
A14: UNESP 2016 | F14: =IF(AND(B14="",C14="",D14="",E14=""),"",IF(B14="",0,B14)+IF(C14="",0,C14)+IF(D14="",0,D14)+IF(E14="",0,E14))
A15: UNESP 2015 | F15: =IF(AND(B15="",C15="",D15="",E15=""),"",IF(B15="",0,B15)+IF(C15="",0,C15)+IF(D15="",0,D15)+IF(E15="",0,E15))
A16: UNESP 2014 | F16: =IF(AND(B16="",C16="",D16="",E16=""),"",IF(B16="",0,B16)+IF(C16="",0,C16)+IF(D16="",0,D16)+IF(E16="",0,E16))
... A20: UNESP 2010 | F20: =IF(AND(B20="",C20="",D20="",E20=""),"",IF(B20="",0,B20)+IF(C20="",0,C20)+IF(D20="",0,D20)+IF(E20="",0,E20))

Sheet Registro de Erros
A1: UNESP — REGISTRO DE ERROS | Análise por Simulado
A2: =Parâmetros!$B$4&" | "&Parâmetros!$B$5 -> Giovanna Fernandes | Humanas
A4: Simulado | B4: 1ª Fase | C4: C. Humanas | D4: C. Nat. e Mat. | E4: Linguagens | F4: Redação | G4: Erro pontuais Redação | H4: Observações
A5: UNESP 2025
A6: UNESP 2024
A7: UNESP 2023
A8: UNESP 2022
A9: UNESP 2021
A10: UNESP 2020
A11: UNESP 2019
A12: UNESP 2018
A13: UNESP 2017
A14: UNESP 2016
A15: UNESP 2015
A16: UNESP 2014
... A20: UNESP 2010

Sheet Dashboard
A1: =" Dashboard de Evolução — "&Parâmetros!$B$4 -> Dashboard de Evolução — Giovanna Fernandes
A2: =Parâmetros!$B$4&" | "&Parâmetros!$B$5 -> Giovanna Fernandes | Humanas
A3: Simulado | B3: Acertos F1 | C3: Nota 1ª Fase | D3: Nota 2ª Fase | E3: Média Final | F3: Situação | G3: Meta Média
A4: UNESP 2025 | B4: =IFERROR('1ª Fase'!B4,"") -> 0 | C4: =IFERROR('1ª Fase'!C4,"") | D4: =IFERROR('2ª Fase'!F5,"") | E4: =IFERROR(('1ª Fase'!C4+'2ª Fase'!F5)/2,"") | F4: =IF(E4="","",IF(E4>=Parâmetros!$B$10,"✔ Aprovado","✘ Reprovado")) | G4: =Parâmetros!$B$10 -> 50
A5: UNESP 2024 | B5: =IFERROR('1ª Fase'!B5,"") -> 0 | C5: =IFERROR('1ª Fase'!C5,"") | D5: =IFERROR('2ª Fase'!F6,"") | E5: =IFERROR(('1ª Fase'!C5+'2ª Fase'!F6)/2,"") | F5: =IF(E5="","",IF(E5>=Parâmetros!$B$10,"✔ Aprovado","✘ Reprovado")) | G5: =Parâmetros!$B$10 -> 50
A6: UNESP 2023 | B6: =IFERROR('1ª Fase'!B6,"") -> 0 | C6: =IFERROR('1ª Fase'!C6,"") | D6: =IFERROR('2ª Fase'!F7,"") | E6: =IFERROR(('1ª Fase'!C6+'2ª Fase'!F7)/2,"") | F6: =IF(E6="","",IF(E6>=Parâmetros!$B$10,"✔ Aprovado","✘ Reprovado")) | G6: =Parâmetros!$B$10 -> 50
A7: UNESP 2022 | B7: =IFERROR('1ª Fase'!B7,"") -> 0 | C7: =IFERROR('1ª Fase'!C7,"") | D7: =IFERROR('2ª Fase'!F8,"") | E7: =IFERROR(('1ª Fase'!C7+'2ª Fase'!F8)/2,"") | F7: =IF(E7="","",IF(E7>=Parâmetros!$B$10,"✔ Aprovado","✘ Reprovado")) | G7: =Parâmetros!$B$10 -> 50
A8: UNESP 2021 | B8: =IFERROR('1ª Fase'!B8,"") -> 0 | C8: =IFERROR('1ª Fase'!C8,"") | D8: =IFERROR('2ª Fase'!F9,"") | E8: =IFERROR(('1ª Fase'!C8+'2ª Fase'!F9)/2,"") | F8: =IF(E8="","",IF(E8>=Parâmetros!$B$10,"✔ Aprovado","✘ Reprovado")) | G8: =Parâmetros!$B$10 -> 50
A9: UNESP 2020 | B9: =IFERROR('1ª Fase'!B9,"") -> 0 | C9: =IFERROR('1ª Fase'!C9,"") | D9: =IFERROR('2ª Fase'!F10,"") | E9: =IFERROR(('1ª Fase'!C9+'2ª Fase'!F10)/2,"") | F9: =IF(E9="","",IF(E9>=Parâmetros!$B$10,"✔ Aprovado","✘ Reprovado")) | G9: =Parâmetros!$B$10 -> 50
A10: UNESP 2019 | B10: =IFERROR('1ª Fase'!B10,"") -> 0 | C10: =IFERROR('1ª Fase'!C10,"") | D10: =IFERROR('2ª Fase'!F11,"") | E10: =IFERROR(('1ª Fase'!C10+'2ª Fase'!F11)/2,"") | F10: =IF(E10="","",IF(E10>=Parâmetros!$B$10,"✔ Aprovado","✘ Reprovado")) | G10: =Parâmetros!$B$10 -> 50
A11: UNESP 2018 | B11: =IFERROR('1ª Fase'!B11,"") -> 0 | C11: =IFERROR('1ª Fase'!C11,"") | D11: =IFERROR('2ª Fase'!F12,"") | E11: =IFERROR(('1ª Fase'!C11+'2ª Fase'!F12)/2,"") | F11: =IF(E11="","",IF(E11>=Parâmetros!$B$10,"✔ Aprovado","✘ Reprovado")) | G11: =Parâmetros!$B$10 -> 50
A12: UNESP 2017 | B12: =IFERROR('1ª Fase'!B12,"") -> 0 | C12: =IFERROR('1ª Fase'!C12,"") | D12: =IFERROR('2ª Fase'!F13,"") | E12: =IFERROR(('1ª Fase'!C12+'2ª Fase'!F13)/2,"") | F12: =IF(E12="","",IF(E12>=Parâmetros!$B$10,"✔ Aprovado","✘ Reprovado")) | G12: =Parâmetros!$B$10 -> 50
A13: UNESP 2016 | B13: =IFERROR('1ª Fase'!B13,"") -> 0 | C13: =IFERROR('1ª Fase'!C13,"") | D13: =IFERROR('2ª Fase'!F14,"") | E13: =IFERROR(('1ª Fase'!C13+'2ª Fase'!F14)/2,"") | F13: =IF(E13="","",IF(E13>=Parâmetros!$B$10,"✔ Aprovado","✘ Reprovado")) | G13: =Parâmetros!$B$10 -> 50
A14: UNESP 2015 | B14: =IFERROR('1ª Fase'!B14,"") -> 0 | C14: =IFERROR('1ª Fase'!C14,"") | D14: =IFERROR('2ª Fase'!F15,"") | E14: =IFERROR(('1ª Fase'!C14+'2ª Fase'!F15)/2,"") | F14: =IF(E14="","",IF(E14>=Parâmetros!$B$10,"✔ Aprovado","✘ Reprovado")) | G14: =Parâmetros!$B$10 -> 50
A15: UNESP 2014 | B15: =IFERROR('1ª Fase'!B15,"") -> 0 | C15: =IFERROR('1ª Fase'!C15,"") | D15: =IFERROR('2ª Fase'!F16,"") | E15: =IFERROR(('1ª Fase'!C15+'2ª Fase'!F16)/2,"") | F15: =IF(E15="","",IF(E15>=Parâmetros!$B$10,"✔ Aprovado","✘ Reprovado")) | G15: =Parâmetros!$B$10 -> 50
... A19: UNESP 2010 | B19: =IFERROR('1ª Fase'!B19,"") -> 0 | C19: =IFERROR('1ª Fase'!C19,"") | D19: =IFERROR('2ª Fase'!F20,"") | E19: =IFERROR(('1ª Fase'!C19+'2ª Fase'!F20)/2,"") | F19: =IF(E19="","",IF(E19>=Parâmetros!$B$10,"✔ Aprovado","✘ Reprovado")) | G19: =Parâmetros!$B$10 -> 50
A38: ⚠ Os valores podem apresentar pequenas variações em relação à UNESP devido a critérios de arredondamento da banca.

Sheet Gráfico
